antecedents,consequents,antecedent support,consequent support,support,confidence,lift,representativity,leverage,conviction,zhangs_metric,jaccard,certainty,kulczynski
frozenset({'Leche'}),frozenset({'Galletas'}),0.45714285714285713,0.21428571428571427,0.1,0.21875000000000003,1.0208333333333335,1.0,0.002040816326530623,1.0057142857142858,0.0375939849624062,0.17500000000000002,0.005681818181818232,0.3427083333333334
frozenset({'Galletas'}),frozenset({'Leche'}),0.21428571428571427,0.45714285714285713,0.1,0.46666666666666673,1.0208333333333335,1.0,0.002040816326530623,1.0178571428571432,0.02597402597402611,0.17500000000000002,0.01754385964912295,0.3427083333333334
